company,base_first_date,base_last_date,base_link_count,predicted_link_count,filled_gap_months,extended_months,burst_months,new_partner_count,new_hscode_count,predicted_weightkg,predicted_value_omu,suspicious_revival_score
-40,2030-08-26,2030-08-26,1,2,,2034-02;2034-10,,2,2,29475.0,185070.0,8
-49,2029-06-16,2029-06-23,2,3,,2034-07;2034-11,,1,3,28750.0,0.0,8
-2,2028-01-10,2034-12-28,192,2,,,2034-07,2,2,38945.0,146610.0,6
Mar del Este CJSC,2028-01-01,2034-12-30,127910,19,,,,0,10,698910.0,6645390.0,5
hǎi dǎn Corporation Wharf,2028-01-01,2034-12-30,456641,36,,,,0,10,666915.0,3652730.0,5
xiǎo lóng xiā LC,2028-01-02,2034-12-30,5922,10,,,2034-07;2034-08,1,0,111930.0,48410.0,5
Ocean Quest A/S Logistics,2028-01-15,2034-12-25,169,3,,,2034-06,3,0,47710.0,195770.0,5
-39,2028-11-03,2034-10-02,17,1,2034-02,,,1,1,7275.0,0.0,5
Belgian Cod BV Solutions,2028-01-07,2034-12-30,10077,5,,,2034-12,0,3,96165.0,609840.0,5
Mar del Caribe LLC,2028-01-04,2034-12-03,1157,2,,,2034-08;2034-10,0,1,29130.0,0.0,5
Caracola del Sol Services,2028-01-01,2034-12-30,193094,9,,,,0,4,160440.0,564930.0,4
0,2031-04-15,2034-01-20,4,2,,2034-08,,1,1,131760.0,0.0,4
-55,2029-08-03,2029-08-03,1,1,,2034-08,,1,1,19200.0,41205.0,4
-56,2029-11-05,2029-11-05,1,1,,2034-11,,1,1,19505.0,0.0,4
Madagascar Coast  AG Freight ,2028-01-01,2034-12-29,16958,3,,,2034-10,0,2,41640.0,232045.0,4
-57,2028-06-02,2028-06-02,1,1,,2034-01,,1,1,31860.0,290010.0,4
-58,2028-02-25,2028-02-25,1,1,,2034-06,,1,1,2745.0,0.0,4
-23,2032-02-11,2032-02-11,1,1,,2034-12,,1,1,0.0,0.0,4
-60,2028-05-09,2028-05-09,1,1,,2034-07,,1,1,135.0,290.0,4
-59,2028-11-18,2028-11-18,2,1,,2034-12,,1,1,21250.0,18705.0,4
-61,2028-05-09,2028-05-09,1,1,,2034-03,,1,1,17995.0,0.0,4
-29,2030-03-30,2032-11-29,8,1,,2034-06,,1,1,23295.0,76535.0,4
-30,2032-09-21,2032-09-21,1,1,,2034-06,,1,1,21985.0,107025.0,4
-31,2032-06-02,2032-06-02,1,1,,2034-01,,1,1,27145.0,0.0,4
-32,2028-06-21,2032-11-20,4,1,,2034-05,,1,1,22605.0,95360.0,4
-33,2032-12-18,2032-12-18,1,1,,2034-05,,1,1,5825.0,110045.0,4
Océano de Coral Corporation Express,2028-01-01,2034-12-30,42796,7,,,2034-07;2034-09,0,0,112355.0,0.0,4
-34,2031-01-11,2031-01-11,1,1,,2034-01,,1,1,11675.0,67660.0,4
-35,2031-01-19,2031-01-19,1,1,,2034-06,,1,1,6580.0,0.0,4
-36,2031-08-14,2031-08-14,1,1,,2034-11,,1,1,0.0,0.0,4
-38,2031-06-26,2031-06-26,1,1,,2034-10,,1,1,17225.0,115025.0,4
SeaTrekker Salt spray S.p.A. Freight ,2028-07-25,2034-11-18,286,1,2034-08,,,0,1,15.0,0.0,4
Neptune's Kingdom Sailboat LLC Cargo,2028-01-14,2034-12-12,59,1,2034-05,,,0,1,2030.0,3300.0,4
-42,2030-04-11,2030-04-11,1,1,,2034-11,,1,1,137630.0,246105.0,4
-43,2030-01-11,2030-01-11,1,1,,2034-12,,1,1,660.0,1000.0,4
-44,2030-09-13,2030-09-13,1,1,,2034-03,,1,1,13345.0,46520.0,4
-45,2030-12-29,2030-12-29,1,1,,2034-06,,1,1,28325.0,151095.0,4
-1,2034-02-17,2034-02-17,1,1,,2034-11,,1,1,4960.0,0.0,4
-5,2034-05-17,2034-05-17,1,1,,2034-07,,1,1,25.0,0.0,4
-10,2033-11-24,2033-11-24,1,1,,2034-09,,1,1,13415.0,53220.0,4
-11,2033-07-30,2033-07-30,1,1,,2034-12,,1,1,17430.0,0.0,4
-12,2033-07-22,2033-07-22,1,1,,2034-02,,1,1,17915.0,93590.0,4
-50,2029-01-30,2029-01-30,1,1,,2034-02,,1,1,3750.0,0.0,4
-51,2029-09-07,2029-09-07,1,1,,2034-03,,1,1,10240.0,0.0,4
-13,2030-05-24,2034-03-24,18,1,,2034-10,,1,1,9015.0,0.0,4
Mar del Paraíso Sp,2028-01-05,2034-11-05,418,1,2034-08,,,0,1,650.0,0.0,4
-52,2029-10-17,2029-10-17,1,1,,2034-12,,1,1,545920.0,0.0,4
-48,2029-06-01,2029-06-01,1,1,,2034-10,,1,1,140950.0,0.0,4
Serengeti  Inc. Ltd Seabed,2028-01-02,2034-10-26,157,1,,2034-11,,1,1,4405.0,0.0,4
Costa de la Felicidad Shipping,2028-01-01,2034-12-30,163703,9,,,,0,3,327205.0,1160205.0,3
Caracola del Este Corporation Express,2028-01-02,2034-12-29,68872,4,,,,3,0,135.0,290.0,3
Monarch Ltd. Liability Co Transport,2028-04-28,2034-08-17,19,1,2034-05,,,0,0,22670.0,30905.0,3
Yu xian  SRL Industrial,2028-01-01,2034-12-29,22838,5,,,,0,3,66385.0,193900.0,3
Olas del Sur Ltd,2028-01-01,2034-12-30,14446,3,,,,0,3,60335.0,416235.0,3
Marine Masterminds Sp Solutions,2028-01-08,2034-12-30,210,1,2034-08,,,0,0,16985.0,22310.0,3
Playa de Oro ОАО,2029-08-24,2034-12-25,192,1,2034-08,,,0,0,16985.0,22310.0,3
Malabar Sea Catch -,2028-02-24,2034-10-01,271,1,,,2034-06,0,1,25135.0,37310.0,3
Congo River  AG Transit,2028-08-24,2034-10-07,84,1,2034-04,,,0,0,2070.0,0.0,3
Sudd Swamp   Marine life,2028-08-25,2034-10-19,77,1,,2034-12,,1,0,660.0,1000.0,3
-46,2029-01-09,2033-05-05,4,1,,2034-03,,0,1,15.0,15.0,3
Irtysh  Dredge A/S Distribution,2028-01-03,2034-12-27,101,1,2034-06,,,0,0,8890.0,0.0,3
Turkish Sword Investment Catfish,2028-03-24,2034-10-13,187,1,2034-09,,,0,0,2710.0,0.0,3
Danish Lobster Kga Motorboat,2028-03-05,2034-10-03,1009,1,,,2034-07,1,0,25.0,0.0,3
Belgian Scallop Harbor ОАО Freight ,2028-01-03,2034-12-30,962,2,,,2034-11,0,1,46650.0,142570.0,3
Southeast S.A. de C.V.,2028-01-05,2034-12-29,182,1,,,2034-12,0,1,6095.0,0.0,3
Turkish Salmon A/S Marine,2028-01-01,2034-12-30,10128,5,,,,0,3,93980.0,504345.0,3
Coral del Sur LC Export,2028-01-05,2034-12-17,77,1,,,2034-12,0,1,19885.0,113010.0,3
SurfSide Limited Liability Company,2028-03-21,2034-11-28,40,1,2034-09,,,0,0,990.0,0.0,3
Diao yu bi sai  Ltd. Liability Co,2028-01-02,2034-12-20,65,1,,,2034-01,0,1,23300.0,168030.0,3
Norwegian King Crab S.A. de C.V.,2030-07-05,2034-12-29,103,1,,,2034-12,0,1,18535.0,0.0,3
Danish Shrimp Kga Solutions,2028-01-01,2034-12-29,31415,4,,,,2,0,341385.0,0.0,2
Arena del Mar Marine Marine biology,2028-01-03,2034-12-29,7512,3,,,,0,2,58825.0,586845.0,2
Kong zhong diao yu  Ges.m.b.H.,2028-01-01,2034-12-30,51637,8,,,,1,1,545565.0,1449950.0,2
Estrella de Mar Consultants -,2028-01-02,2034-12-30,14912,6,,,,2,0,51315.0,0.0,2
Okavango River  S.A. de C.V. Solutions,2028-01-13,2034-12-29,397,1,,,,1,1,960.0,0.0,2
Beachcomber's Bounty CJSC Sea,2028-01-03,2034-12-16,298,1,,,,1,1,13565.0,0.0,2
Maharashtra ers Incorporated Express,2028-01-02,2034-12-30,15593,2,,,,2,0,6495.0,0.0,2
Oceanic Oracle GmbH America,2028-01-05,2034-12-30,12930,4,,,,0,2,133585.0,152450.0,2
Black Sea Tuna Sagl,2028-01-02,2034-12-30,14200,2,,,,1,1,44425.0,178950.0,2
Black Sea Tuna Snapper,2028-01-01,2034-12-30,26735,5,,,,0,2,74730.0,441580.0,2
Chhattisgarh  Salt spray ОАО United,2028-01-02,2034-03-10,204,1,,2034-11,,0,0,5085.0,0.0,2
Mar del Oeste N.V.,2028-01-02,2034-12-19,309,1,,,,1,1,5760.0,0.0,2
Asveja GmbH & Co. KG Transit,2028-01-11,2034-12-19,287,1,,,,1,1,5760.0,0.0,2
Pao gan SE Seal,2028-01-01,2034-12-30,96423,9,,,,0,2,182050.0,943125.0,2
Senegal Coast  LC Solutions,2028-09-26,2034-12-30,787,1,,,,1,1,21250.0,18705.0,2
Mount Kenya  Tsunami GmbH & Co. KG Cargo,2028-02-05,2034-12-30,529,1,,,2034-10,0,0,18365.0,64215.0,2
-28,2029-09-07,2034-12-25,122,1,,,,1,1,2430.0,12210.0,2
Matthew Oyj Marine sanctuary,2028-01-02,2034-12-29,558,1,,,,1,1,22420.0,96630.0,2
French Crab S.p.A. Worldwide,2028-01-02,2034-12-30,99925,4,,,,2,0,50755.0,0.0,2
Ola de la Costa SE Forwading,2028-01-02,2034-12-06,211,1,,,,1,1,26765.0,84450.0,2
-37,2028-01-03,2034-12-11,2672,1,,,,1,1,26765.0,84450.0,2
Sander Ltd. Corporation Leska,2028-01-02,2034-12-29,1528,1,,,,1,1,23325.0,185070.0,2
-41,2028-01-02,2034-12-30,2896,1,,,,1,1,17900.0,0.0,2
Estrella del Mar Forwading,2028-06-14,2034-12-10,319,1,,,,1,1,137630.0,246105.0,2
-47,2028-01-12,2034-12-28,1384,1,,,,1,1,10.0,20.0,2
-3,2034-12-01,2034-12-01,1,1,,,,1,1,4255.0,0.0,2
Ola de la Costa N.V.,2028-01-02,2034-12-30,10171,3,,,,1,1,55180.0,459420.0,2
Oceanfront Oases Oyj Sea,2028-01-08,2034-12-13,112,1,,,,1,1,7090.0,0.0,2
-8,2034-12-29,2034-12-29,1,1,,,,1,1,11830.0,0.0,2
-7,2034-10-09,2034-10-09,1,1,,,,1,1,19960.0,309240.0,2
Chhattisgarh  GmbH & Co. KG Brothers,2028-01-02,2034-12-29,14962,2,,,,0,2,173390.0,910525.0,2
Ola Azul Ges.m.b.H. Services,2028-01-02,2034-12-29,14138,2,,,,0,2,40365.0,96835.0,2
-9,2028-02-02,2034-12-28,77,1,,,,1,1,1540.0,5905.0,2
Bahía Azul Ltd Holdings,2028-01-18,2034-05-25,41,1,,2034-12,,0,0,3260.0,0.0,2
David Limited Liability Company Worldwide,2028-01-26,2034-12-29,1797,4,,,,0,2,84010.0,498575.0,2
Atlantic Ocean Coast  _ Ges.m.b.H. Express,2031-08-26,2034-12-28,226,1,,,2034-10,0,0,7400.0,0.0,2
Belgian Shrimps Ocean Corp Holdings,2028-01-02,2034-12-30,17524,2,,,,0,2,26155.0,666840.0,2
Dry Creek Ltd. Corporation,2028-01-15,2034-11-15,102,1,,2034-12,,0,0,22105.0,0.0,2
Kerala  Market SRL Wave,2028-12-29,2034-12-28,248,1,,,,1,1,22005.0,107090.0,2
Coral del Cielo A/S,2028-12-07,2034-12-27,193,1,,,,1,1,24200.0,416005.0,2
Tshimbua GmbH & Co. KG,2028-01-09,2034-12-29,1201,1,,,,0,1,15720.0,15915.0,1
zhāng yú Ges.m.b.H. Solutions,2028-01-01,2034-12-29,2006,1,,,,0,1,54775.0,0.0,1
Portuguese Tuna Incorporated Marine,2028-01-01,2034-12-30,26130,2,,,,0,1,75510.0,0.0,1
-54,2028-01-02,2034-12-30,15254,1,,,,0,1,1090.0,0.0,1
Danish Plaice Ltd. Liability Co Logistics,2028-01-06,2034-12-29,1840,1,,,,0,1,18540.0,318235.0,1
Mar y Luna Sagl,2028-01-01,2034-12-30,77702,4,,,,0,1,103130.0,434855.0,1
Saltwater Supreme ОАО Forwading,2028-01-01,2034-12-30,189446,10,,,,0,1,176425.0,1001045.0,1
French Crab Pic Marine conservation,2028-01-02,2034-12-30,6633,1,,,,1,0,19200.0,41205.0,1
Uttar Pradesh s CJSC,2028-01-02,2034-12-30,117494,6,,,,1,0,65890.0,131040.0,1
Mar del Oeste S.p.A. United,2029-01-05,2034-12-29,490,1,,,,0,1,24735.0,73265.0,1
Barents Sea Cod Oyj Marine,2028-01-02,2034-12-27,1569,1,,,,0,1,24735.0,73265.0,1
Danish Mackerel S.A. de C.V.,2028-01-02,2034-12-27,1967,1,,,,1,0,19505.0,0.0,1
Lake Tana  N.V. Enterprises,2028-01-02,2034-12-28,13428,2,,,,1,0,13370.0,24220.0,1
FinestSea Ltd. Corporation Enterprises,2028-01-11,2034-12-30,890,1,,,,0,1,125.0,0.0,1
Tsha wamba S.A. de C.V.,2028-01-12,2034-12-20,218,1,,,,0,1,41405.0,85350.0,1
Saltwater Solitude N.V. International,2028-04-10,2034-11-28,128,1,,,,0,1,41405.0,85350.0,1
Estrella de Mar SE,2028-01-02,2034-12-21,688,1,,,,0,1,190.0,0.0,1
Playa de la Luna Incorporated,2028-01-01,2034-12-30,27807,1,,,,0,1,190.0,0.0,1
Deep Sea Divers Tom yum ОАО Marine sanctuary,2028-01-03,2034-12-25,945,1,,,,1,0,960.0,0.0,1
Sea Breeze Corporation Marine sanctuary,2028-01-02,2034-12-29,10679,2,,,,0,1,27740.0,176055.0,1
LLC Limited Liability Company,2028-01-03,2034-12-29,2384,1,,,,0,1,18885.0,106005.0,1
The Salty Pearl Tsunami Corp Express,2028-01-02,2034-12-29,1863,1,,,,0,1,18885.0,106005.0,1
Chuan gou  N.V. Delivery,2028-01-03,2034-12-29,4097,1,,,,0,1,19500.0,168075.0,1
Playa de Arena Submarine S.A. de C.V. Marine,2028-01-03,2034-12-30,13848,1,,,,0,1,19625.0,171010.0,1
Mar de la Luna S.p.A.,2028-10-21,2034-12-27,760,1,,,,0,1,21520.0,191165.0,1
Mar del Paraíso Corporation Logistics,2028-01-01,2034-12-29,5997,3,,,,0,1,49590.0,442280.0,1
Oceanic Oracle GmbH & Co. KG,2028-01-02,2034-12-30,15767,4,,,,0,1,68710.0,489215.0,1
Arunachal Pradesh s &,2028-01-05,2034-12-27,4485,1,,,,1,0,6150.0,0.0,1
Tripura  BV and Son's,2028-02-12,2034-12-19,1470,1,,,,1,0,31860.0,290010.0,1
Marine Mates NV Worldwide,2028-01-01,2034-12-30,8170,3,,,,0,1,59805.0,236590.0,1
Zambezi Gorge  N.V. Transport,2028-01-01,2034-12-30,66576,3,,,,1,0,37975.0,68125.0,1
biān yú AG Forwading,2028-01-05,2034-12-30,4753,2,,,,0,1,42875.0,19115.0,1
Scottish Oysters Pic Transport,2028-01-09,2034-12-30,680,1,,,,0,1,9710.0,31530.0,1
The Salty Dog Limited Liability Company,2028-01-02,2034-12-29,4053,1,,,,0,1,19145.0,20610.0,1
Yu er he  Bonito,2028-01-02,2034-12-25,1794,1,,,,0,1,21015.0,128115.0,1
Ocean Oasis SRL Anchor,2028-01-11,2034-12-28,1787,1,,,,0,1,9580.0,64335.0,1
Assam  Market Cargo ship Company Marine conservation,2028-01-02,2034-12-30,6308,1,,,,0,1,9580.0,64335.0,1
TunaTreat Company Marine sanctuary,2028-01-05,2034-12-30,5270,7,,,,1,0,79555.0,0.0,1
Selous Game Reserve  A/S,2028-01-02,2034-12-30,34406,4,,,,1,0,555665.0,0.0,1
Haryana Sea  Mussel Inc Export,2028-01-02,2034-12-29,8416,2,,,,0,1,43980.0,605080.0,1
Uttar Pradesh s Barracuda,2028-01-02,2034-12-29,6745,2,,,,0,1,43980.0,605080.0,1
Coastal Cruisers Pic Shipping,2028-01-01,2034-12-30,82130,10,,,,1,0,107055.0,286335.0,1
Ola Azul SRL United,2028-05-02,2034-12-25,546,1,,,,0,1,16360.0,140010.0,1
Uttarakhand   Tidepool Oyj International,2028-01-21,2034-12-30,2148,1,,,,0,1,18310.0,26725.0,1
Caracola del Este N.V.,2028-01-23,2034-12-28,266,1,,,,0,1,20210.0,301045.0,1
Neptune's Harvest LC Transport,2028-01-04,2034-12-27,3097,1,,,,0,1,3435.0,0.0,1
Selous Game Reserve  S.A. de C.V.,2028-01-01,2034-12-30,64634,6,,,,0,1,70815.0,242595.0,1
Blue Horizon Family &,2028-01-02,2034-12-29,8119,1,,,,0,1,18585.0,155005.0,1
Mar y Luna Ltd. Liability Co Enterprises,2028-01-02,2034-12-03,379,1,,,,0,1,21590.0,334320.0,1
Mar del Caribe Sagl,2028-01-04,2034-12-30,4725,2,,,,0,1,49090.0,110040.0,1
Nile Crocodile  OJSC Express,2028-01-06,2034-12-10,114,1,,,,0,1,24600.0,110040.0,1
Mar de la Vida S.p.A.,2028-01-02,2034-12-28,3667,2,,,,0,1,34975.0,350250.0,1
Mar del Placer Manatee,2028-01-02,2034-12-29,4780,1,,,,0,1,17980.0,179100.0,1
Daniel Ferry N.V. Transit,2028-01-02,2034-12-29,4588,1,,,,0,1,18295.0,156020.0,1
Adriatic Squid Limited Liability Company Current,2028-01-04,2034-09-24,411,1,,,,0,1,5510.0,0.0,1
Mar de Estrellas Incorporated,2028-01-02,2034-12-30,3030,2,,,,1,0,9735.0,49515.0,1
Seaside Summit S.A. de C.V.,2028-01-13,2034-12-28,896,1,,,,1,0,150.0,0.0,1
SaltwaterSatisfactions S.A. de C.V. Overseas,2028-01-15,2034-12-15,1947,1,,,,1,0,17995.0,0.0,1
Bay of Bengal's A/S,2028-01-03,2034-12-30,1261,1,,,,0,1,15900.0,0.0,1
Yu er he  Corporation,2028-12-28,2034-12-16,8,1,,,,0,1,20775.0,137120.0,1
Mar del Oeste Transport,2028-01-03,2034-12-29,5201,3,,,,0,1,32185.0,68605.0,1
Kilimajaro Slopes   Incorporated and Son's,2030-03-01,2034-06-16,1831,1,,,,0,1,20660.0,97600.0,1
Norwegian Fjord  S.A. de C.V. Brothers,2028-01-12,2034-12-27,1469,1,,,,1,0,22605.0,95360.0,1
Lake Nasser  AB Logistics,2028-02-18,2034-11-23,296,1,,,,1,0,5825.0,110045.0,1
Leucosia Limited Liability Company,2030-01-10,2034-12-30,185,1,,,,1,0,11675.0,67660.0,1
Ancla de Oro Ltd. Corporation,2028-01-03,2034-12-28,4222,1,,,,0,1,20365.0,130060.0,1
Aqua Aura SE Marine life,2028-01-01,2034-12-29,11268,1,,,,0,1,22695.0,379090.0,1
West Bengal  Company Nori,2028-01-04,2034-12-29,3835,1,,,,0,1,25135.0,37310.0,1
Playa del Cielo ОАО,2028-05-10,2034-12-29,559,1,,,,0,1,18725.0,210110.0,1
Ocean Quest Corporation Seaside,2028-04-20,2034-12-25,131,1,,,,1,0,17225.0,115025.0,1
Yu wo  CJSC Marine sanctuary,2028-01-05,2034-12-29,5640,1,,,,0,1,32295.0,69260.0,1
Ronan Catfish Corp Solutions,2028-01-11,2034-12-29,2827,1,,,,0,1,32295.0,69260.0,1
Delphinia Trout OJSC Transportation,2028-01-05,2034-12-12,1051,1,,,,0,1,19935.0,68125.0,1
jīng Coral LLC Carriers,2028-01-02,2034-12-29,8327,2,,,,1,0,90795.0,0.0,1
Vespuci Sagl Marine sanctuary,2028-01-01,2034-12-30,8979,1,,,,0,1,2030.0,3300.0,1
Ethiopian Highlands  Incorporated Marine biology,2028-01-29,2034-12-29,1082,1,,,,0,1,17210.0,130005.0,1
Thundwa S.A. de C.V.,2028-02-18,2034-08-29,678,1,,,,0,1,19075.0,0.0,1
1 Ltd. Liability Co Cargo,2028-01-03,2034-12-14,880,1,,,,0,1,19785.0,226040.0,1
Mar del Este Brine SRL Investment,2028-03-15,2034-12-29,993,1,,,,0,1,27700.0,525035.0,1
Estrella del Mar Sp Transit,2028-01-02,2034-12-23,138,1,,,,0,1,27700.0,525035.0,1
Orange River Mouth   Incorporated Distribution,2028-01-18,2034-12-29,226,1,,,,0,1,20105.0,46930.0,1
Bu yu wang Limited Liability Company,2028-03-06,2034-12-30,181,1,,,,0,1,20105.0,46930.0,1
Greek Sea Bass Co,2028-01-02,2034-12-28,11912,1,,,,1,0,13345.0,46520.0,1
Playa de Arena Pic,2028-01-03,2034-12-29,2314,1,,,,1,0,28325.0,151095.0,1
Nagaland Sea Catch Ltd. Liability Co,2029-05-28,2034-12-02,83,1,,,,0,1,26755.0,912415.0,1
2 Limited Liability Company,2028-01-02,2034-12-30,1190,2,,,,0,1,43995.0,62235.0,1
Arunachal Pradesh s Plc,2028-01-07,2034-12-29,1640,1,,,,0,1,17325.0,122045.0,1
Náutica del Sol Corporation,2028-01-01,2034-12-30,13870,2,,,,0,1,27860.0,122045.0,1
Norwegian Haddock Ltd. Corporation Logistics,2028-01-14,2034-12-17,796,1,,,,0,1,19875.0,149105.0,1
Uttar Pradesh Sea  Company Seafoam,2028-01-04,2034-12-29,1484,1,,,,0,1,19875.0,149105.0,1
Water Wonders Tidepool Ltd Holdings,2028-01-03,2034-12-29,19340,1,,,,1,0,10.0,20.0,1
SeaLion Marine AG Express,2028-01-02,2034-12-30,4251,1,,,,0,1,17530.0,489215.0,1
bái suō wěn lú AS,2028-01-05,2034-12-30,5350,2,,,,1,0,32065.0,0.0,1
Bujagali Falls  Pic Family,2028-01-02,2034-12-29,8904,1,,,,1,0,4095.0,0.0,1
Andhra Pradesh   Limited Liability Company Tilapia,2028-01-02,2034-12-29,1781,1,,,,1,0,16940.0,39520.0,1
OceanSavor Seafoam Ltd. Liability Co Transit,2030-08-02,2034-12-30,93,1,,,,0,1,25720.0,60705.0,1
Isla del Este Kga Tidepool,2028-01-16,2034-12-28,332,1,,,,0,1,53315.0,890845.0,1
xún yú S.A. de C.V.,2028-01-04,2034-12-30,750,1,,,,0,1,840.0,0.0,1
Jharkhand  Ltd. Liability Co Worldwide,2028-01-02,2034-12-29,12514,2,,,,1,0,4885.0,0.0,1
-4,2028-01-02,2034-12-24,3537,1,,,,1,0,195.0,0.0,1
Whale Ltd. Liability Co,2028-01-02,2034-12-30,3963,1,,,,1,0,7090.0,0.0,1
Marine Adventures Seabreeze AS Forwading,2030-06-28,2034-12-19,78,1,,,,0,1,22400.0,888565.0,1
Ianira Starfish Sagl Import,2028-01-01,2034-12-30,53215,2,,,,1,0,241870.0,0.0,1
-6,2028-01-03,2034-12-22,694,1,,,,1,0,4585.0,0.0,1
bái suō wěn lú Ltd Cargo,2028-01-02,2034-12-29,6642,2,,,,1,0,90050.0,0.0,1
Yu xian  Ltd. Liability Co Freight ,2028-06-27,2034-12-30,2242,3,,,,0,1,57955.0,61935.0,1
Zale Limited Liability Company,2028-01-10,2034-12-22,2911,1,,,,1,0,19960.0,309240.0,1
Playa de Coral Distribution Marine sanctuary,2028-01-14,2034-12-30,1297,1,,,,0,1,23975.0,46110.0,1
Saltwater Serenity Inc Caviar,2028-01-04,2034-12-30,852,1,,,,0,1,21580.0,52350.0,1
Tide Turners Ltd Transport,2028-01-06,2034-12-30,2401,1,,,,0,1,3295.0,29705.0,1
Náutica del Norte LC,2028-01-02,2034-12-30,816,1,,,,0,1,3295.0,29705.0,1
SeaSelect Foods Oyj Transport,2029-02-20,2034-12-29,417,1,,,,0,1,23190.0,30820.0,1
Seaside Sojourns Creek N.V. Transit,2028-01-03,2034-12-19,556,1,,,,0,1,20860.0,19515.0,1
Fisherman's Best Inc Marine,2028-03-16,2034-12-18,30,1,,,,0,1,20860.0,19515.0,1
Himachal Pradesh   Limited Liability Company,2028-02-18,2034-12-28,6721,1,,,,1,0,13415.0,53220.0,1
Saltwater Sisters AS Marine life,2028-01-03,2034-12-19,2792,1,,,,0,1,16275.0,94285.0,1
Icelandic Oysters S.A. de C.V. Lighthouse,2030-04-14,2034-12-28,595,1,,,,0,1,17670.0,59430.0,1
Orange River   Incorporated Shipping,2028-01-02,2034-12-30,8093,1,,,,0,1,17670.0,59430.0,1
Caracola Azul Oyj &,2028-01-01,2034-12-30,40231,3,,,,0,1,46045.0,79905.0,1
Marine Masterminds Kga Line,2028-01-10,2034-12-28,1054,1,,,,0,1,5205.0,41405.0,1
Surf's Up s Sp,2028-01-02,2034-12-21,896,1,,,,0,1,24185.0,102040.0,1
Wave Watchers Ltd. Liability Co,2028-01-02,2034-12-20,5148,1,,,,0,1,17225.0,200130.0,1
Madagascar   Ltd. Corporation Express,2028-01-02,2034-12-30,5909,1,,,,1,0,17915.0,93590.0,1
Logistics Ltd. Liability Co,2028-01-14,2034-12-30,840,1,,,,0,1,62395.0,609385.0,1
Greek Octopus Ltd. Corporation,2028-01-05,2034-12-28,1145,1,,,,0,1,21220.0,41125.0,1
Ancla de Oro Kga Import,2028-01-01,2034-12-30,3061,1,,,,0,1,21220.0,41125.0,1
Vleikurper Limited Liability Company Transport,2028-01-10,2034-12-01,10443,1,,,,0,1,3250.0,70305.0,1
Blue Nile  OJSC Logistics,2028-01-18,2034-12-26,487,1,,,,0,1,22905.0,596535.0,1
Okavango River  NV Marine life,2028-01-02,2034-12-27,4822,1,,,,0,1,21165.0,15810.0,1
Costa del Sol Co,2028-01-02,2034-12-17,1913,1,,,,0,1,25310.0,70045.0,1
Caracola del Sol LLC,2028-02-08,2034-12-30,357,1,,,,0,1,8130.0,0.0,1
Mar y Viento A/S,2028-01-02,2034-12-25,711,1,,,,0,1,19885.0,113010.0,1
Limpopo River  AB Consultants,2028-01-07,2034-12-29,223,1,,,,1,0,10240.0,0.0,1
Victoria Falls   N.V. Carriers,2028-01-04,2034-12-26,321,1,,,,0,1,15270.0,253230.0,1
Cape of Good Hope   Corporation,2028-01-10,2034-12-23,1165,1,,,,0,1,23225.0,164145.0,1
Manipur  Market Corporation Cargo,2028-01-02,2034-12-30,5431,1,,,,0,1,18525.0,176055.0,1
Sea Spray AS Cargo,2028-01-18,2034-12-29,591,1,,,,0,1,19380.0,62360.0,1
3 Oceanography ОАО Marine life,2028-01-01,2034-12-30,14248,1,,,,0,1,19380.0,62360.0,1
Victoria Falls   Pier Corp Solutions,2028-06-01,2034-12-30,1179,2,,,,1,0,13780.0,0.0,1
Seashore Sanctuary N.V. Consultants,2028-01-19,2034-09-27,132,1,,,,0,1,23300.0,168030.0,1
ReefRider S.A. de C.V.,2028-01-02,2034-12-23,417,1,,,,0,1,16535.0,0.0,1
Greek Octopus Company Distribution,2028-01-01,2034-12-26,699,1,,,,1,0,23400.0,0.0,1
Náutica del Mar AG,2028-01-03,2034-12-25,2250,1,,,,0,1,15615.0,48330.0,1
Fisherman's Best Marine conservation,2028-01-01,2034-12-30,22465,1,,,,0,1,15615.0,48330.0,1
Diao yu bi sai  Company,2028-01-08,2034-11-29,4384,1,,,,0,1,21395.0,24110.0,1
Isla del Tesoro SE Transport,2028-01-02,2034-12-25,717,1,,,,0,1,19075.0,239145.0,1
Coastal Currents Ltd. Liability Co Delivery,2028-01-10,2034-12-27,549,1,,,,0,1,21005.0,19115.0,1
Gujarat  S.A. de C.V.,2028-01-01,2034-12-28,6716,1,,,,0,1,8805.0,48410.0,1
Kallianassa Fish  AG Solutions,2028-01-03,2034-12-16,362,1,,,,0,1,8380.0,9500.0,1
Saltwater Sisters Ltd. Corporation Shipping,2028-01-18,2034-12-29,676,1,,,,0,1,198505.0,5649615.0,1
Paradera S.A. de C.V.,2028-02-19,2034-12-29,2280,1,,,,0,1,20970.0,79905.0,1
Wave Watchers Underwater Ltd. Corporation Solutions,2028-01-03,2034-12-26,2136,1,,,,0,1,24215.0,72870.0,1
Manipur  Market Ltd. Liability Co,2028-01-02,2034-12-30,2531,1,,,,0,1,23315.0,50105.0,1
Irish Trout Inc Solutions,2028-01-02,2034-12-23,763,1,,,,0,1,19145.0,19505.0,1
AquaBite Limited Liability Company Marine,2028-01-02,2034-12-17,274,1,,,,0,0,20775.0,63125.0,0
Lake Turkana  Charter Boat  NV Marine,2028-01-02,2034-12-25,11790,2,,,,0,0,75625.0,0.0,0
Estrella del Mar Seafarer,2028-01-02,2034-12-29,40158,4,,,,0,0,6365.0,15.0,0
Meris Current Corp Transportation,2028-01-03,2034-12-29,1329,1,,,,0,0,21620.0,94435.0,0
Mar de Plata BV Marine,2028-01-01,2034-12-29,5340,1,,,,0,0,21620.0,94435.0,0
Lake Victoria Nile    Inc,2028-01-02,2034-12-30,518,1,,,,0,0,1500.0,0.0,0
Dutch Bill  BV Marine,2028-01-14,2034-12-30,297,1,,,,0,0,1500.0,0.0,0
Simien Mountains   Company Transport,2028-01-02,2034-12-30,7822,1,,,,0,0,366605.0,0.0,0
Caracola Marina - Plc Enterprises,2028-01-01,2034-12-29,7067,4,,,,0,0,68140.0,132260.0,0
The Salty Dog Oyj,2028-01-02,2034-12-29,3504,1,,,,0,0,88740.0,86030.0,0
Punjab s A/S Marine,2028-01-02,2034-12-30,7282,1,,,,0,0,88740.0,86030.0,0
Sailors and Surfers Incorporated Enterprises,2028-01-01,2034-12-30,106612,11,,,,0,0,203405.0,421125.0,0
Mizoram  GmbH & Co. KG,2028-01-02,2034-12-30,2123,1,,,,0,0,18985.0,29420.0,0
Portuguese Tuna A/S Cargo,2028-01-02,2034-12-28,11132,1,,,,0,0,18985.0,29420.0,0
Sikkim  Market Corporation Investment,2028-01-02,2034-12-25,891,1,,,,0,0,320.0,0.0,0
Icelandic Cod Pier ОАО Transport,2028-01-01,2034-12-23,32646,1,,,,0,0,148595.0,0.0,0
Marine Muse Ltd. Corporation,2028-02-10,2034-12-27,222,1,,,,0,0,195.0,0.0,0
Makumba Ltd. Liability Co,2028-01-01,2034-12-29,21685,1,,,,0,0,8220.0,0.0,0
BlueWater Bistro Ltd. Liability Co,2028-01-06,2034-12-28,349,1,,,,0,0,8220.0,0.0,0
Dutch  Ltd. Liability Co Consultants,2028-01-01,2034-12-30,9062,2,,,,0,0,16370.0,18315.0,0
River Gambia  Brine Pic Express,2028-01-02,2034-12-29,6009,1,,,,0,0,4390.0,39125.0,0
Océano del Este Corporation,2028-01-11,2034-12-28,530,1,,,,0,0,4390.0,39125.0,0
Arunachal Pradesh s A/S Transport,2028-01-01,2034-12-30,61178,7,,,,0,0,3570.0,1060.0,0
Gulf of Guinea   Enterprises,2028-01-04,2034-12-28,2340,1,,,,0,0,15.0,0.0,0
Oka  Ltd. Liability Co,2028-01-01,2034-12-30,2973,1,,,,0,0,360.0,0.0,0
Surf and Sea Seal Ltd Forwading,2030-08-22,2034-12-30,4798,1,,,,0,0,78155.0,0.0,0
Nautical Navigators Limited Liability Company Holdings,2028-01-03,2034-12-28,6848,1,,,,0,0,9215.0,0.0,0
Bahía del Sol SRL Solutions,2028-01-02,2034-12-22,562,1,,,,0,0,245.0,0.0,0
Caracola del Este Plc United,2028-01-01,2034-12-29,4955,2,,,,0,0,29795.0,42730.0,0
Náutica del Norte Kga Holdings,2028-01-01,2034-12-30,55555,1,,,,0,0,6250.0,25125.0,0
Sea Breezes GmbH & Co. KG Shark,2028-01-01,2034-12-30,75256,5,,,,0,0,35410.0,60435.0,0
Kilimajaro Slopes   N.V. Logistics,2028-01-06,2034-12-29,1095,1,,,,0,0,25815.0,0.0,0
Barents Sea Cod CJSC Export,2028-01-02,2034-12-30,40045,4,,,,0,0,75660.0,807665.0,0
Niger Bend   Dry dock,2028-02-27,2034-12-17,1009,1,,,,0,0,14460.0,154140.0,0
Olas del Mar N.V.,2028-01-06,2034-12-27,2741,1,,,,0,0,24430.0,85945.0,0
Aqua Advancements Corp Marine mist,2028-01-02,2034-12-01,601,1,,,,0,0,24430.0,85945.0,0
Saltwater Symphony S.A. de C.V.,2028-01-01,2034-12-30,42170,2,,,,0,0,23185.0,92825.0,0
Lake Kivu   BV United,2028-01-07,2034-12-28,4245,1,,,,0,0,18910.0,0.0,0
Haryana s Sagl Transport,2028-01-01,2034-12-28,13321,1,,,,0,0,4475.0,0.0,0
mán yú AB International,2028-01-04,2034-12-05,662,3,,,,0,0,4325.0,0.0,0
Maharashtra  Ltd. Liability Co Shipping,2028-01-02,2034-12-30,12397,1,,,,0,0,21870.0,0.0,0
Costa del Viento Fish  S.p.A. United,2028-01-01,2034-12-29,3820,1,,,,0,0,1080.0,0.0,0
Odisha  Limited Liability Company,2028-01-02,2034-12-28,3791,1,,,,0,0,1080.0,0.0,0
suō yú Incorporated Brothers,2028-01-01,2034-12-30,39638,1,,,,0,0,3650.0,66320.0,0
Jammu & Kashmir  GmbH & Co. KG and Son's,2028-01-03,2034-12-29,1130,2,,,,0,0,12255.0,588460.0,0
Rift Valley fishery Inc,2028-01-01,2034-12-30,39001,1,,,,0,0,9545.0,588460.0,0
Line S.A. de C.V.,2028-01-02,2034-12-17,11100,2,,,,0,0,32055.0,0.0,0
Zambezi Valley  Marine biology,2028-01-01,2034-12-30,10076,3,,,,0,0,20395.0,159015.0,0
Playa del Sol LC -,2028-01-02,2034-12-25,1307,1,,,,0,0,17750.0,159015.0,0
Saltwater Sanctuary NV Delivery,2028-01-02,2034-12-26,1715,1,,,,0,0,22005.0,82320.0,0
Caracola Azul Ltd. Corporation,2028-01-01,2034-12-30,20632,2,,,,0,0,24580.0,30905.0,0
Coral Cove Sagl Chart,2029-02-21,2034-12-27,929,1,,,,0,0,18000.0,0.0,0
Uttar Pradesh s AG,2028-01-01,2034-12-30,9231,1,,,,0,0,23290.0,0.0,0
Fresh Limited Liability Company,2028-01-01,2034-12-30,153405,7,,,,0,0,35880.0,263215.0,0
Dutch Mussels GmbH Carriers,2028-01-02,2034-12-30,3289,1,,,,0,0,6285.0,74115.0,0
Brisa del Mar LC,2028-01-02,2034-12-30,11706,1,,,,0,0,810.0,0.0,0
The Sea Turtle A/S,2028-01-08,2034-12-15,226,2,,,,0,0,71885.0,285605.0,0
Chituku Trout Inc Cargo,2028-02-05,2034-12-22,465,1,,,,0,0,14505.0,94305.0,0
Surf and Sea Dashi Oyj Marine ecology,2028-01-04,2034-12-28,1539,1,,,,0,0,1690.0,6805.0,0
TideTurner Tidepool Co Enterprises,2028-01-10,2034-12-28,1533,1,,,,0,0,16330.0,38225.0,0
Wave Watchers Ltd International,2029-04-17,2034-12-30,413,1,,,,0,0,6130.0,0.0,0
páng xiè Ltd. Liability Co Freight ,2028-02-15,2034-12-30,429,1,,,,0,0,6130.0,0.0,0
BlueWaterBites GmbH & Co. KG Export,2028-01-02,2034-12-30,13184,2,,,,0,0,24310.0,0.0,0
Mar del Caribe Express Surf,2028-02-14,2034-12-28,234,1,,,,0,0,15100.0,0.0,0
Wave Watchers Co Holdings,2028-01-03,2034-12-18,1628,1,,,,0,0,3435.0,0.0,0
Baltic Sprat Corp Roe,2028-01-02,2034-12-29,2408,1,,,,0,0,6745.0,77515.0,0
CoralCrest Inc and Son's,2028-01-14,2034-12-30,1659,1,,,,0,0,40820.0,48020.0,0
SeaSiren Limited Liability Company,2028-01-04,2034-12-29,1257,1,,,,0,0,19875.0,70820.0,0
French Sardine LLC Transit,2028-02-17,2034-12-15,373,1,,,,0,0,7100.0,0.0,0
Tamil  Marina N.V. Family,2028-01-02,2034-12-30,3216,1,,,,0,0,7100.0,0.0,0
Surf and Sand & Son's,2028-01-05,2034-12-25,1018,1,,,,0,0,7595.0,12210.0,0
Greek Sea Bass LLC,2028-01-02,2034-12-30,27687,1,,,,0,0,5510.0,0.0,0
Baltic Sprat Seafaring Co Holdings,2033-12-26,2034-12-29,1115,1,,,,0,0,13655.0,0.0,0
Brisa del Este ОАО,2028-01-14,2034-12-29,4281,1,,,,0,0,12860.0,0.0,0
Coastal Cruisers GmbH Logistics,2028-01-02,2034-12-30,11713,1,,,,0,0,21370.0,178015.0,0
Spanish Shrimp Ltd. Corporation Transport,2028-01-05,2034-12-22,1016,1,,,,0,0,21370.0,178015.0,0
Oceanic Explorers Sashimi Inc Solutions,2028-07-16,2034-12-29,92789,6,,,,0,0,390.0,680.0,0
Kong zhong diao yu  NV Export,2028-01-02,2034-12-30,15051,1,,,,0,0,18015.0,0.0,0
Adriatic Tuna Company Distribution,2028-01-04,2034-12-30,888,1,,,,0,0,18015.0,0.0,0
Rufiji Delta  Inc Cargo,2028-01-08,2034-12-10,1108,1,,,,0,0,16665.0,37715.0,0
Yu gou  SRL Merchants,2028-01-02,2034-12-30,9646,1,,,,0,0,120.0,0.0,0
The Sea Turtle Sagl Cargo ship,2028-01-02,2034-12-20,629,1,,,,0,0,155.0,2000.0,0
Mar de Estrellas Ltd,2028-01-02,2034-12-30,1696,1,,,,0,0,5805.0,0.0,0
Cape of Good Hope   S.p.A.,2028-01-02,2034-12-28,10303,1,,,,0,0,9210.0,0.0,0
Caspian Sea   Ltd. Corporation Export,2028-01-12,2034-12-21,564,1,,,,0,0,525.0,0.0,0
Uttarakhand s Inc United,2028-01-02,2034-12-20,369,1,,,,0,0,525.0,0.0,0
Barents Sea Shrimp N.V.,2028-01-06,2034-12-25,431,1,,,,0,0,17695.0,0.0,0
Saltwater Symphony - CJSC Marine,2028-01-02,2034-12-29,1104,1,,,,0,0,5075.0,0.0,0
Scottish Oysters SE Consulting,2028-01-05,2034-12-29,806,1,,,,0,0,5075.0,0.0,0
Mar del Oeste Corp Transportation,2028-02-05,2034-11-26,291,1,,,,0,0,6165.0,73125.0,0
Victoria Falls   S.A. de C.V.,2028-03-24,2034-12-30,1234,1,,,,0,0,79890.0,0.0,0
Saltwater Sisters Inc Seafaring,2028-01-02,2034-12-30,24238,1,,,,0,0,515.0,0.0,0
Togo  S.A. de C.V.,2028-01-02,2034-12-29,19917,1,,,,0,0,515.0,0.0,0
Mar y Luna Ltd. Corporation,2028-01-04,2034-12-23,376,1,,,,0,0,18905.0,0.0,0
Nile Crocodile  Deep-sea Oyj Brothers,2028-01-02,2034-12-30,7824,3,,,,0,0,26765.0,0.0,0
Tide Turners S.A. de C.V. Marine,2028-01-02,2034-12-29,2533,1,,,,0,0,0.0,0.0,0
Bu yu wang Motorboat,2028-01-27,2034-09-13,219,1,,,,0,0,2705.0,0.0,0
West Bengal  A/S Freight ,2028-01-04,2034-12-30,5736,1,,,,0,0,18215.0,0.0,0
Arunachal Pradesh s Brine,2028-01-02,2034-12-30,29658,2,,,,0,0,22980.0,0.0,0
Gulf of Tadjoura  Ltd. Liability Co Logistics,2028-01-09,2034-12-28,1196,1,,,,0,0,21215.0,24720.0,0
Fin Flair Marine life Incorporated Holdings,2028-01-05,2034-12-25,1812,1,,,,0,0,285.0,0.0,0
biān yú Dry dock,2028-01-04,2034-12-14,245,1,,,,0,0,26170.0,0.0,0
Coral Cove BV Delivery,2028-01-01,2034-12-30,104399,4,,,,0,0,305455.0,104025.0,0
Olas del Sur Corp,2028-01-07,2034-12-27,513,1,,,,0,0,1030.0,0.0,0
Mar de la Costa Company,2028-01-01,2034-12-29,4501,1,,,,0,0,1030.0,0.0,0
Gulf of Guinea   Incorporated Ray,2032-01-26,2034-12-25,336,1,,,,0,0,3670.0,0.0,0
French Crab AG Express,2028-01-06,2034-12-29,2085,1,,,,0,0,3670.0,0.0,0
Salt WaterCo Sp Marine life,2028-01-04,2034-12-23,3141,1,,,,0,0,15910.0,37330.0,0
BlueWater Bistro A/S Holdings,2028-02-06,2034-07-06,86,1,,,,0,0,15335.0,0.0,0
Lake Rukwa  Ltd Logistics,2028-06-08,2034-12-21,57,1,,,,0,0,15335.0,0.0,0
S.A. de C.V. AG,2028-02-15,2034-12-22,383,1,,,,0,0,20735.0,0.0,0
katushka Barracuda Inc and Son's,2031-08-21,2034-08-31,76,1,,,,0,0,2070.0,0.0,0
Karnataka  Ltd. Corporation Manatee,2028-01-03,2034-12-29,2603,1,,,,0,0,2070.0,0.0,0
SE Ltd. Liability Co,2028-01-13,2034-12-28,769,1,,,,0,0,1105.0,0.0,0
Perla del Mar CJSC,2028-01-07,2034-12-29,1260,1,,,,0,0,4430.0,0.0,0
Ola Marina Company Line,2028-01-02,2034-12-30,7608,2,,,,0,0,4690.0,0.0,0
Olas del Sur Sp,2028-01-02,2034-12-29,1689,1,,,,0,0,8890.0,0.0,0
Portuguese Sea Bass &,2028-01-07,2034-12-21,941,1,,,,0,0,3330.0,0.0,0
Diao er  Limited Liability Company,2028-01-02,2034-12-29,3802,1,,,,0,0,3330.0,0.0,0
Bahía de Plata GmbH,2028-01-02,2034-12-21,1501,1,,,,0,0,365.0,0.0,0
Mar de Coral GmbH and Son's,2028-01-08,2034-12-28,1410,1,,,,0,0,365.0,0.0,0
Bahía del Sol ОАО,2028-01-02,2034-12-16,3387,1,,,,0,0,15935.0,0.0,0
Sahara  LLC Co Consultants,2028-01-02,2034-12-28,1973,1,,,,0,0,2090.0,0.0,0
Ancla Azul Transportation Seafaring,2028-01-02,2034-12-30,18308,5,,,,0,0,81145.0,230.0,0
Nile Crocodile  Sailboat Sp Line,2028-02-07,2034-12-17,1783,1,,,,0,0,7940.0,0.0,0
Tamil  Nautilus CJSC Consulting,2028-01-04,2034-12-29,6772,1,,,,0,0,6475.0,0.0,0
Mar de Cristalino Ges.m.b.H.,2028-01-02,2034-12-26,2796,1,,,,0,0,5230.0,82925.0,0
Surf's Up  Kga Shipping,2028-01-07,2034-12-26,1832,1,,,,0,0,3495.0,0.0,0
Saltwater Solitude Marine biology,2028-01-01,2034-12-29,2365,1,,,,0,0,260.0,0.0,0
Barents Sea  GmbH Cargo ,2028-01-03,2034-12-30,7533,2,,,,0,0,24375.0,0.0,0
Mar de Cristal CJSC,2028-01-02,2034-12-26,502,1,,,,0,0,8600.0,69360.0,0
William Inc Marine sanctuary,2028-01-25,2034-12-27,707,1,,,,0,0,8600.0,69360.0,0
West Bengal  SE Family,2028-01-06,2034-12-26,775,1,,,,0,0,10425.0,100045.0,0
Bahía del Este SE,2028-01-02,2034-12-25,1022,1,,,,0,0,10425.0,100045.0,0
Punjab Sea  CJSC Estuary,2028-01-03,2034-12-30,6477,1,,,,0,0,42470.0,459420.0,0
Mar de la Felicidad NV Investment,2028-01-02,2034-12-30,2213,2,,,,0,0,2735.0,165235.0,0
Khundu Whale AG Cargo,2028-01-02,2034-12-15,3078,1,,,,0,0,800.0,38110.0,0
Playa de Arena Ltd,2028-05-27,2034-12-27,523,1,,,,0,0,15945.0,0.0,0
Chobe River   Distribution Pelican,2028-01-01,2034-12-28,1573,1,,,,0,0,15945.0,0.0,0
Mar de Cristalino Beach,2028-01-02,2034-12-29,6760,1,,,,0,0,198550.0,238065.0,0
Marine Mates Cruise ship,2028-01-01,2034-12-25,32734,1,,,,0,0,198550.0,238065.0,0
Costa de la Felicidad and Sagl Marine,2028-01-01,2034-12-25,805,1,,,,0,0,4405.0,20510.0,0
Mar del Placer Limited Liability Company,2028-01-27,2034-12-27,253,1,,,,0,0,15475.0,128100.0,0
Tamil Nadu s Ltd. Corporation,2028-01-13,2034-12-28,463,1,,,,0,0,1505.0,0.0,0
Coral Rojo Ltd. Liability Co Express,2028-01-01,2034-12-25,1237,1,,,,0,0,78220.0,0.0,0
Mar de la Vida SRL,2028-01-02,2034-12-27,4696,1,,,,0,0,3145.0,0.0,0
Drakensberg  S.A. de C.V. Marine ecology,2028-01-01,2034-12-27,1380,1,,,,0,0,3145.0,0.0,0
Namib Desert  Ltd. Corporation,2032-07-08,2034-12-28,482,1,,,,0,0,1150.0,0.0,0
Chhattisgarh  A/S & Son's,2028-01-06,2034-12-28,7102,2,,,,0,0,3220.0,7610.0,0
The Salty Dog Logistics Leska,2028-01-01,2034-12-30,1911,1,,,,0,0,19895.0,0.0,0
Estrella del Mar Logistics Charter Boat ,2028-01-08,2034-12-25,373,2,,,,0,0,22860.0,0.0,0
Mar de Estrellas N.V.,2028-01-02,2034-12-30,1229,2,,,,0,0,20590.0,0.0,0
Náutica del Sol A/S,2028-01-02,2034-12-30,7599,1,,,,0,0,45515.0,0.0,0
Coral del Sur Ltd. Corporation Investment,2028-01-02,2034-12-30,10070,2,,,,0,0,48615.0,0.0,0
Bu yu wang Corporation Marine conservation,2028-01-10,2034-12-18,1017,1,,,,0,0,540.0,6105.0,0
Uttar Pradesh s Oyj,2028-01-02,2034-12-26,941,1,,,,0,0,540.0,6105.0,0
xiǎo lóng xiā GmbH,2028-06-13,2034-12-28,1337,1,,,,0,0,133210.0,137090.0,0
Olas del Mar Worldwide,2028-01-01,2034-12-30,43259,1,,,,0,0,133210.0,137090.0,0
Rajasthan  Market CJSC Tide,2028-01-05,2034-12-29,867,1,,,,0,0,7680.0,0.0,0
Jammu Ltd. Liability Co,2028-01-02,2034-12-30,7003,2,,,,0,0,7435.0,0.0,0
Meghalaya  Ltd. Liability Co Marine conservation,2028-01-23,2034-12-29,396,1,,,,0,0,2250.0,0.0,0
Turkish Calamari AB Marine conservation,2028-01-02,2034-12-29,5688,1,,,,0,0,18295.0,47335.0,0
Cameroon Estuary  Co Investment,2028-01-02,2034-12-30,2997,1,,,,0,0,7900.0,0.0,0
SilverStream CJSC Marine conservation,2028-01-01,2034-12-30,14074,1,,,,0,0,7400.0,0.0,0
Delhi ers Ltd. Liability Co,2028-01-12,2034-12-17,727,1,,,,0,0,20610.0,0.0,0
xiǎo lóng xiā Kga,2028-01-02,2034-12-17,2228,1,,,,0,0,20610.0,0.0,0
Paul AG Marine biology,2028-01-05,2034-12-30,1020,1,,,,0,0,20000.0,0.0,0
Zambezi River   GmbH Marine,2028-01-08,2034-12-28,897,1,,,,0,0,20000.0,0.0,0
Beach Breakers Ltd Import,2028-01-07,2034-12-22,877,1,,,,0,0,5315.0,51140.0,0
Jammu & Kashmir Sea  AS Marine,2028-01-03,2034-12-25,769,1,,,,0,0,5315.0,51140.0,0
Zambezi Delta  Limited Liability Company,2028-03-05,2034-12-16,149,1,,,,0,0,21555.0,56130.0,0
Saltwater Supreme Pelican Ltd Enterprises,2028-01-01,2034-12-30,30445,1,,,,0,0,21555.0,56130.0,0
Green Valley Sp Current,2028-01-02,2034-12-29,1956,1,,,,0,0,5825.0,60535.0,0
Ocean Outfitters Limited Liability Company Distribution,2028-01-04,2034-12-26,763,1,,,,0,0,5375.0,0.0,0
Beach Breakers Ltd. Corporation Marine conservation,2028-01-01,2034-12-27,2458,1,,,,0,0,1500.0,0.0,0
Mar de Estrellas GmbH & Co. KG,2028-03-10,2034-12-29,720,1,,,,0,0,1500.0,0.0,0
Mar Azul Ltd. Liability Co,2033-07-15,2034-09-02,61,1,,,,0,0,19230.0,0.0,0
Angrapa Ltd. Liability Co Export,2028-01-02,2034-12-29,11849,1,,,,0,0,19230.0,0.0,0
Tsha wamba Pic Barracuda,2028-01-05,2034-12-29,1258,1,,,,0,0,18945.0,98460.0,0
Playa de Coral OJSC,2028-01-07,2034-12-29,463,1,,,,0,0,41030.0,160120.0,0
Kafue River  Seagrass Limited Liability Company Marine,2028-01-02,2034-12-29,2780,1,,,,0,0,41030.0,160120.0,0
Náutica del Sol S.A. de C.V.,2028-03-01,2034-12-15,319,1,,,,0,0,12810.0,238155.0,0
Assam  Market Tilapia Ltd Worldwide,2028-01-02,2034-12-29,1090,1,,,,0,0,12810.0,238155.0,0
Madhya GmbH & Co. KG Family,2028-01-02,2034-12-28,1407,1,,,,0,0,65.0,230.0,0
Sea Breezes N.V. Canal,2028-01-02,2034-12-29,5621,1,,,,0,0,8130.0,0.0,0
Meghalaya  Sandbar S.p.A. Services,2028-01-03,2034-12-30,1140,1,,,,0,0,990.0,0.0,0
The Sea Turtle AB,2028-02-02,2034-12-30,403,1,,,,0,0,3100.0,0.0,0
Jiyu  Barracuda A/S Line,2028-01-14,2034-12-26,699,1,,,,0,0,5075.0,0.0,0
Estrella de la Costa Ltd Distribution,2028-01-02,2034-12-29,1563,1,,,,0,0,5075.0,0.0,0
Asiotr Green  SE Marine sanctuary,2028-01-03,2034-12-25,584,2,,,,0,0,42000.0,104025.0,0
Gulf of Tadjoura  AS,2028-01-03,2034-12-28,677,1,,,,0,0,69820.0,0.0,0
Lake Victoria Catch  SE,2028-01-02,2034-12-30,2235,1,,,,0,0,3595.0,0.0,0
Kilimajaro Slopes   Oceanfront AB Overseas,2028-01-02,2034-12-29,8031,2,,,,0,0,16300.0,0.0,0
Coral Cove Corporation Delivery,2028-01-01,2034-12-29,7032,1,,,,0,0,7780.0,0.0,0
Faroe Islands Halibut N.V. Transport,2028-01-02,2034-12-28,581,1,,,,0,0,290.0,2700.0,0
Madhya Pradesh   Ltd. Corporation,2028-01-02,2034-12-30,3784,1,,,,0,0,290.0,2700.0,0
Ocean Observers Ges.m.b.H. Export,2028-04-26,2034-12-30,466,1,,,,0,0,22125.0,271255.0,0
guī yú Corporation Solutions,2028-09-28,2034-11-14,99,1,,,,0,0,22125.0,271255.0,0
Vespuci Limited Liability Company Enterprises,2028-01-04,2034-12-25,1196,1,,,,0,0,3210.0,0.0,0
Italian Sardines Inc Carriers,2028-06-09,2034-12-25,523,1,,,,0,0,3210.0,0.0,0
Mandalore S.A. de C.V. Logistics,2028-01-02,2034-12-30,12945,1,,,,0,0,81225.0,0.0,0
Perla del Mar SRL,2028-01-03,2034-12-30,2971,1,,,,0,0,22105.0,0.0,0
Agua Limited Liability Company Transit,2028-01-07,2034-12-05,730,1,,,,0,0,34910.0,0.0,0
Gvardeysk S.A. de C.V.,2028-01-06,2034-12-28,1510,1,,,,0,0,8305.0,0.0,0
Mar de Cielo S.A. de C.V. Manatee,2028-05-18,2034-12-30,2262,1,,,,0,0,14205.0,57410.0,0
Costa del Mar BV Consulting,2028-01-02,2034-12-27,2034,1,,,,0,0,1565.0,0.0,0
SaltwaterSatisfactions Incorporated Marine ecology,2028-02-13,2034-12-22,144,1,,,,0,0,1565.0,0.0,0
Caracola de Coral Oyj,2028-01-02,2034-12-30,1036,1,,,,0,0,1935.0,127125.0,0
Maharashtra   Limited Liability Company,2028-01-02,2034-12-30,14890,1,,,,0,0,10535.0,0.0,0
Oceanic Explorers Sagl Chart,2028-01-03,2034-12-26,1591,1,,,,0,0,19390.0,0.0,0
Bujagali Falls  Oyj Marine,2028-01-29,2034-11-18,275,1,,,,0,0,7855.0,0.0,0
Mar de la Aventura & Incorporated Shipping,2028-01-02,2034-12-29,15487,1,,,,0,0,4540.0,0.0,0
Cymopoleia & Son's Estuary,2028-01-03,2034-12-25,1464,1,,,,0,0,6090.0,0.0,0
Mar y Luna Co,2028-01-01,2034-12-20,812,1,,,,0,0,17055.0,0.0,0
Chuan gou  Ltd Marine ecology,2028-01-02,2034-12-29,13587,1,,,,0,0,43105.0,143025.0,0
Wave Watchers SE Express,2028-01-06,2034-12-29,595,1,,,,0,0,24765.0,79440.0,0
Saltwater Solutions AB Marine conservation,2028-01-03,2034-12-28,900,1,,,,0,0,6560.0,0.0,0
Dry Creek Incorporated Laksa,2028-01-16,2034-09-13,553,1,,,,0,0,6560.0,0.0,0
Caspian Sea   Company Seafarer,2028-01-03,2034-12-25,575,1,,,,0,0,12705.0,0.0,0
Selous Game Reserve  Sp Distribution,2028-01-02,2034-12-30,13570,1,,,,0,0,24600.0,0.0,0
SRL Ltd. Liability Co,2028-01-02,2034-12-28,1195,1,,,,0,0,6600.0,0.0,0
Panope Limited Liability Company,2028-01-01,2034-12-29,168872,1,,,,0,0,6600.0,0.0,0
